epoch,step,val_loss
0,76,0.283905953168869
1,153,0.23906177282333374
2,230,0.20024356245994568
3,307,0.182962566614151
4,384,0.2328180968761444
