epoch,step,val_loss
0,76,0.24341440200805664
1,153,0.1690889149904251
2,230,0.2085925042629242
3,307,0.14475393295288086
4,384,0.1993531584739685
