epoch,step,val_loss
0,76,0.2812499701976776
1,153,0.20332300662994385
2,230,0.2368631362915039
3,307,0.2409212589263916
4,384,0.16423901915550232
